frame,t,T_01,T_02,T_03,T_04,T_05,T_06,T_07,T_08,T_09,T_10,T_11,T_12,T_13,T_14,T_15,T_16,T_17,T_18,T_19,T_20,T_21,T_22,T_23,T_24,T_25,T_26,T_27,T_28
157,2.583333,0.6983301639556885,2.2367172241210938,1.1644306182861328,0.5780164003372192,0.6440250277519226,-0.6537297964096069,-0.6899169683456421,0.09557010978460312,1.3877232074737549,0.22565099596977234,-0.6256770491600037,0.5365058183670044,0.05565673112869263,-0.3205309808254242,-0.408629834651947,-0.03952557221055031,0.23817762732505798,-0.3389066755771637,-0.2567625343799591,0.47925397753715515,0.12683069705963135,-0.5672249794006348,-0.02180374786257744,0.5777871608734131,-0.2696450352668762,0.3196219503879547,0.15733110904693604,-0.11072076112031937
158,2.600000,1.0243959426879883,2.4582138061523438,0.9471824765205383,0.31284648180007935,1.1744310855865479,-0.34793561697006226,-1.0390180349349976,0.13860376179218292,1.976370096206665,1.1123915910720825,-0.8728495240211487,0.6034984588623047,0.3482215702533722,-0.3500746488571167,-0.5733697414398193,-0.07318778336048126,0.4106431007385254,-0.2280869483947754,-0.33614882826805115,0.5052003860473633,0.14742735028266907,-0.7366034984588623,-0.04765813425183296,0.628061056137085,-0.6257424354553223,0.3831104040145874,-0.004092611372470856,0.016008518636226654
159,2.616667,1.038888692855835,2.389113187789917,0.8386342525482178,0.22700084745883942,1.28134024143219,-0.24567709863185883,-1.0700602531433105,0.1895187497138977,2.058182954788208,1.3305156230926514,-0.906249463558197,0.569985032081604,0.47634562849998474,-0.27500271797180176,-0.6292154788970947,-0.04091591387987137,0.465274453163147,-0.20234781503677368,-0.3075028955936432,0.5611691474914551,0.18283353745937347,-0.7550163269042969,-0.028248954564332962,0.6598030924797058,-0.7169418334960938,0.393745481967926,-0.04654218256473541,0.024883724749088287
160,2.633333,1.0465648174285889,2.3497471809387207,0.7943331003189087,0.20545347034931183,1.296510934829712,-0.21329452097415924,-1.0750420093536377,0.19648149609565735,2.074270486831665,1.3754873275756836,-0.9050971269607544,0.5681257247924805,0.4907308518886566,-0.263517826795578,-0.6197119355201721,-0.04645313322544098,0.478338360786438,-0.19109392166137695,-0.3062778115272522,0.5558872222900391,0.18337129056453705,-0.7508565187454224,-0.027529437094926834,0.6507459282875061,-0.7321079969406128,0.39442169666290283,-0.05385950207710266,0.03270639851689339
161,2.650000,1.0339244604110718,2.4484477043151855,0.9214416742324829,0.29138338565826416,1.204553246498108,-0.32218828797340393,-1.0517340898513794,0.14872905611991882,2.00338077545166,1.1706680059432983,-0.8835586309432983,0.598937451839447,0.3772249221801758,-0.33696386218070984,-0.5858513712882996,-0.0685732439160347,0.42440101504325867,-0.22074973583221436,-0.3327111303806305,0.5151750445365906,0.15403953194618225,-0.7429885268211365,-0.044755637645721436,0.6340924501419067,-0.6496181488037109,0.38630011677742004,-0.0151333287358284,0.020540457218885422
162,2.666667,0.8929575681686401,2.1662063598632812,0.817668616771698,0.2899587154388428,1.0786396265029907,-0.3004138469696045,-0.9126939177513123,0.20471176505088806,1.823011875152588,1.0401359796524048,-0.786152720451355,0.5226207375526428,0.4099128544330597,-0.20479539036750793,-0.5437530279159546,-0.023484885692596436,0.43499696254730225,-0.2273319959640503,-0.25513696670532227,0.5629069209098816,0.18965359032154083,-0.6670717000961304,-0.0038938336074352264,0.6297096014022827,-0.5977767705917358,0.37146979570388794,0.0061197429895401,-0.02222166582942009
163,2.683333,0.9613510966300964,2.16927170753479,0.7172496318817139,0.19426260888576508,1.23439621925354,-0.19111745059490204,-0.9973198175430298,0.25046640634536743,1.9934508800506592,1.315765619277954,-0.8633800148963928,0.5100978016853333,0.5842626094818115,-0.15700018405914307,-0.6305632591247559,-0.012083892710506916,0.5503586530685425,-0.19400948286056519,-0.2675289511680603,0.6159122586250305,0.22789320349693298,-0.7109339833259583,0.003197185695171356,0.6558060646057129,-0.6957968473434448,0.420204222202301,-0.0515255406498909,-0.010784849524497986
164,2.700000,0.8051735162734985,2.0209996700286865,0.787778377532959,0.315697580575943,0.9819991588592529,-0.31970134377479553,-0.8249239325523376,0.23705822229385376,1.7070645093917847,0.8982135057449341,-0.7185169458389282,0.48940715193748474,0.421366810798645,-0.1335875689983368,-0.5124648213386536,0.000975470058619976,0.4521917700767517,-0.24120353162288666,-0.2166101038455963,0.5978401899337769,0.21288934350013733,-0.6236602067947388,0.022647161036729813,0.6330758333206177,-0.5464164614677429,0.37169256806373596,0.028338734060525894,-0.055173348635435104
165,2.716667,0.9135636687278748,2.402937412261963,1.0487521886825562,0.43097856640815735,0.972307562828064,-0.4836260974407196,-0.9176574945449829,0.12450860440731049,1.77376389503479,0.742600679397583,-0.7765852808952332,0.5980419516563416,0.2429305762052536,-0.3478398621082306,-0.5055593848228455,-0.06801275908946991,0.372081458568573,-0.27482736110687256,-0.32046499848365784,0.5024073719978333,0.14284689724445343,-0.6809830069541931,-0.03619321808218956,0.6155716776847839,-0.4833410382270813,0.3744931221008301,0.06069544330239296,-0.03355472534894943
166,2.733333,1.0683940649032593,2.589496612548828,1.0067455768585205,0.3187723159790039,1.2498635053634644,-0.371321439743042,-1.0982697010040283,0.1551821082830429,2.0748865604400635,1.1625850200653076,-0.9173349738121033,0.6278735995292664,0.4189852178096771,-0.3572138249874115,-0.6368580460548401,-0.05768505111336708,0.46446192264556885,-0.23756837844848633,-0.35475149750709534,0.5603333711624146,0.1712055653333664,-0.7884138822555542,-0.04009883850812912,0.6824471354484558,-0.6639441847801208,0.4166582524776459,-0.020515382289886475,0.013083450496196747
167,2.750000,0.984229326248169,2.537829637527466,1.0758846998214722,0.40180718898773193,1.0880948305130005,-0.46658605337142944,-1.0031638145446777,0.13349086046218872,1.9122273921966553,0.8898991346359253,-0.8514400124549866,0.615451991558075,0.330242395401001,-0.3645824193954468,-0.5860683917999268,-0.06185828521847725,0.42812180519104004,-0.26876652240753174,-0.3485898971557617,0.5384923219680786,0.16014668345451355,-0.7380709648132324,-0.040271393954753876,0.6532395482063293,-0.5435816049575806,0.40928375720977783,0.028155159205198288,-0.02551272138953209
168,2.766667,0.9373492002487183,2.474240779876709,1.0868549346923828,0.44202691316604614,0.9960202574729919,-0.5039247870445251,-0.9451191425323486,0.12273762375116348,1.8146641254425049,0.7452809810638428,-0.7966258525848389,0.614783763885498,0.2589131295681,-0.3653607666492462,-0.5274333953857422,-0.06940780580043793,0.39236289262771606,-0.2803374230861664,-0.33719682693481445,0.5147978067398071,0.14705461263656616,-0.7025493383407593,-0.03810083866119385,0.6312669515609741,-0.48847725987434387,0.3904767632484436,0.05732089653611183,-0.03461684659123421
169,2.783333,107.68672180175781,94.19505310058594,104.28970336914062,131.1356964111328,25.131378173828125,-21.389930725097656,-19.68381690979004,-17.743247985839844,37.4933967590332,68.71439361572266,142.11143493652344,53.44398880004883,338.3953552246094,846.3527221679688,849.2129516601562,390.3516845703125,121.84786987304688,195.70440673828125,439.8349609375,322.4837341308594,-15.232135772705078,11.660179138183594,21.72124481201172,-26.405929565429688,5.4729228019714355,-10.443218231201172,16.302955627441406,-8.43055534362793
170,2.800000,143.35484313964844,171.58985900878906,198.6571044921875,196.97389221191406,98.19812774658203,296.41546630859375,377.62322998046875,155.19900512695312,520.5838623046875,1101.486328125,830.0709228515625,561.89501953125,811.65625,1811.44580078125,1266.8377685546875,784.481201171875,406.83819580078125,1011.6814575195312,690.1937255859375,422.53717041015625,-56.425994873046875,-51.46705627441406,-32.013179779052734,-17.560396194458008,3.923916816711426,-20.561378479003906,-19.17727279663086,19.340553283691406
171,2.816667,124.45741271972656,137.38998413085938,56.98238754272461,80.84323120117188,181.24305725097656,537.0227661132812,446.2691650390625,98.48722839355469,551.4395751953125,1379.29638671875,1076.2393798828125,611.1570434570312,756.9716186523438,1656.237060546875,1207.6021728515625,826.27587890625,279.8874206542969,975.06884765625,836.6480712890625,455.30914306640625,-41.25152587890625,34.55294418334961,110.50978088378906,26.576980590820312,3.790323257446289,-8.619483947753906,-0.7607307434082031,40.56195831298828
172,2.833333,20.488880157470703,-2.456134796142578,-13.31928825378418,-39.765235900878906,129.88070678710938,642.6433715820312,658.3204345703125,111.3450927734375,126.76100158691406,873.072265625,1039.372802734375,491.6419677734375,68.95255279541016,939.880859375,831.8718872070312,264.8865051269531,185.60369873046875,880.4500732421875,640.3974609375,282.521484375,176.69406127929688,230.84320068359375,210.0196990966797,108.472412109375,41.60855484008789,-3.5029354095458984,-30.720375061035156,25.253068923950195
173,2.850000,61.61019515991211,83.86190032958984,88.43070220947266,95.31963348388672,18.57632827758789,9.709989547729492,23.922801971435547,2.410557270050049,36.19599151611328,113.69650268554688,192.90042114257812,47.519744873046875,260.8235168457031,700.3515014648438,697.656494140625,238.1470947265625,104.72299194335938,195.0150146484375,334.5269470214844,170.30943298339844,-7.850166320800781,7.277402877807617,13.115692138671875,-41.16897964477539,6.999978542327881,-12.204309463500977,7.741142272949219,-5.601709365844727
174,2.866667,102.40192413330078,153.763427734375,274.7420349121094,225.92013549804688,59.04601287841797,140.3986053466797,264.76116943359375,117.51237487792969,392.1217041015625,763.40869140625,578.9925537109375,325.696044921875,740.3228149414062,1543.78076171875,1099.4227294921875,588.3842163085938,335.03521728515625,700.9076538085938,496.99139404296875,249.13558959960938,-34.92015838623047,-50.14946746826172,-19.834489822387695,-37.954864501953125,-4.501210689544678,-34.968788146972656,-11.61568832397461,16.809349060058594
175,2.883333,1.56011962890625,50.78312683105469,19.524534225463867,31.056663513183594,84.46484375,204.7664337158203,176.8658447265625,68.20957946777344,222.138671875,550.5462036132812,664.2033081054688,585.791015625,569.99169921875,1254.1103515625,1338.4107666015625,1118.92138671875,163.6938934326172,485.1443786621094,817.0775146484375,741.5025634765625,29.5308837890625,47.298484802246094,139.90692138671875,119.3870849609375,0.9302892684936523,1.1739501953125,27.810142517089844,27.67875862121582
176,2.900000,11.203195571899414,0.37794017791748047,8.9845609664917,-17.27266502380371,34.329750061035156,346.81109619140625,413.34490966796875,33.91057586669922,56.557464599609375,618.7208251953125,687.0699462890625,219.99191284179688,121.14237213134766,781.5789794921875,644.2590942382812,124.93576049804688,115.65316772460938,454.47601318359375,277.26171875,65.09077453613281,133.18826293945312,80.50505065917969,72.5562744140625,2.2485551834106445,43.54660415649414,-10.45138931274414,2.8049869537353516,32.222328186035156
177,2.916667,56.05449676513672,75.67877197265625,141.4244842529297,130.67547607421875,20.087059020996094,-3.1646881103515625,26.131839752197266,15.591168403625488,62.73402404785156,127.82421875,189.67135620117188,44.067901611328125,360.5,864.601318359375,793.190673828125,274.5302429199219,135.22958374023438,192.28724670410156,304.2757873535156,133.68325805664062,-10.158550262451172,4.670265197753906,14.176567077636719,-28.0364990234375,-0.14118480682373047,-10.761497497558594,18.553455352783203,-3.075468063354492
178,2.933333,117.74896240234375,177.9974822998047,237.52212524414062,159.08705139160156,95.91978454589844,84.125244140625,151.82818603515625,57.72808837890625,376.9940185546875,600.5538330078125,440.1527099609375,211.00570678710938,674.6516723632812,1303.0087890625,920.16455078125,436.35986328125,286.4733581542969,478.873779296875,335.9468994140625,132.15988159179688,-36.20775604248047,-40.49380111694336,-23.837562561035156,-25.568601608276367,-6.140040397644043,-27.036983489990234,-10.588784217834473,14.365440368652344
179,2.950000,27.18952178955078,31.63871192932129,0.5075414180755615,-2.6691665649414062,124.70616149902344,516.658447265625,372.94378662109375,38.1794319152832,126.57514953613281,860.4640502929688,688.220703125,250.36444091796875,235.48391723632812,931.8076782226562,746.77490234375,369.70465087890625,60.61455154418945,630.5491943359375,696.2127685546875,248.2386474609375,136.90760803222656,315.92889404296875,451.69842529296875,212.9134521484375,35.675636291503906,18.197046279907227,22.246646881103516,133.39590454101562
180,2.966667,44.54113006591797,53.062503814697266,21.572616577148438,21.670433044433594,15.09885025024414,5.135922431945801,4.942994117736816,4.865123748779297,-8.873878479003906,40.5324821472168,106.29574584960938,19.485126495361328,178.81533813476562,585.9623413085938,522.2425537109375,137.99053955078125,77.41869354248047,126.14122009277344,104.09150695800781,36.67241287231445,5.681440353393555,0.25275707244873047,-18.137012481689453,-14.19291877746582,3.418992519378662,-12.964343070983887,-5.205905914306641,5.053511619567871
181,2.983333,21.451160430908203,58.62004089355469,211.24545288085938,168.4394073486328,51.99146270751953,15.907054901123047,103.90135192871094,65.1379623413086,381.9532470703125,637.42919921875,485.0267028808594,209.27374267578125,746.2759399414062,1397.5966796875,1036.95947265625,507.03631591796875,297.910400390625,500.66400146484375,383.9637451171875,135.24139404296875,-12.571098327636719,-30.632946014404297,6.222695350646973,-14.93757438659668,-9.93244743347168,-39.47386169433594,-7.037776947021484,13.788480758666992
182,3.000000,34.648033142089844,40.62776184082031,28.914642333984375,48.77362823486328,198.69317626953125,223.23306274414062,153.97650146484375,30.385059356689453,426.76629638671875,813.0335083007812,640.2596435546875,271.65447998046875,748.609375,1349.2186279296875,1088.7552490234375,668.498779296875,200.78497314453125,376.72186279296875,446.6937255859375,208.08201599121094,8.182437896728516,5.669315338134766,73.02574157714844,23.14262580871582,-5.824343681335449,1.2180280685424805,1.0837593078613281,22.218887329101562
183,3.016667,26.967790603637695,5.727842330932617,16.33370018005371,-38.852237701416016,181.93128967285156,765.1788940429688,661.91259765625,46.60647201538086,195.43919372558594,941.2864379882812,736.18798828125,340.605712890625,139.91452026367188,896.129150390625,599.1185302734375,224.18515014648438,89.54849243164062,489.14599609375,361.90191650390625,166.7422332763672,168.93069458007812,225.8022003173828,263.6122741699219,128.7770233154297,44.407745361328125,-0.2924957275390625,-10.992542266845703,58.941612243652344
184,3.033333,19.336942672729492,11.163018226623535,36.497894287109375,42.40863037109375,20.66952896118164,4.374320983886719,13.529895782470703,1.975468397140503,52.92064666748047,153.5152587890625,243.91363525390625,51.44475555419922,370.07330322265625,980.900146484375,933.4426879882812,320.96710205078125,126.02133178710938,179.76861572265625,324.8998107910156,149.3643798828125,-14.748167037963867,-3.743122100830078,-4.637419700622559,-30.352466583251953,2.065425395965576,-10.404328346252441,-1.7347917556762695,0.4708423614501953
185,3.050000,48.17343521118164,50.785057067871094,62.61302947998047,44.49308776855469,48.73784637451172,27.823043823242188,39.58070373535156,8.423467636108398,435.2389221191406,767.8961181640625,562.151611328125,210.58255004882812,784.3746337890625,1527.216796875,1123.4686279296875,490.4526672363281,359.0938720703125,683.1932983398438,499.98382568359375,195.55235290527344,-36.730377197265625,-38.82155227661133,-39.00537109375,-31.882450103759766,0.21649646759033203,-14.85218620300293,-16.013763427734375,14.546096801757812
186,3.066667,18.62156867980957,46.96788024902344,-25.414697647094727,-8.491592407226562,104.77718353271484,506.1821594238281,455.0821838378906,116.4236068725586,149.86343383789062,890.5386352539062,899.19580078125,414.772705078125,279.22265625,1020.81005859375,984.4127197265625,575.3573608398438,68.81190490722656,638.7246704101562,846.3677978515625,454.3086242675781,113.74762725830078,343.63409423828125,531.7184448242188,317.4580993652344,20.06429672241211,17.744205474853516,-1.07586669921875,118.27743530273438
187,3.083333,34.004966735839844,-4.995534896850586,1.9029340744018555,-13.754932403564453,97.02627563476562,236.6220245361328,173.53860473632812,-8.781763076782227,116.01063537597656,484.4217529296875,362.7682189941406,95.80235290527344,181.6459197998047,758.1904296875,545.895263671875,87.52360534667969,161.1651611328125,322.64141845703125,94.96725463867188,14.994709968566895,192.0969696044922,78.21947479248047,20.036420822143555,-7.309932708740234,50.8237190246582,-32.042236328125,17.06432342529297,31.359783172607422
188,3.100000,26.63559341430664,83.50225830078125,162.29730224609375,111.1380615234375,18.74993896484375,-5.966163635253906,36.124080657958984,25.339603424072266,241.13824462890625,385.5250549316406,274.8153076171875,52.81761169433594,669.8179321289062,1283.698974609375,960.0646362304688,381.83367919921875,199.5367431640625,279.249755859375,293.75750732421875,62.262516021728516,-22.95344352722168,-15.094339370727539,-5.2042765617370605,-6.04210090637207,-10.537200927734375,-18.27379035949707,-7.844073295593262,7.7361602783203125
189,3.116667,43.249996185302734,39.795936584472656,42.09817123413086,45.3550910949707,74.33409118652344,36.610443115234375,35.13328552246094,17.70508575439453,380.85675048828125,703.7090454101562,528.1553955078125,170.58599853515625,765.5272216796875,1445.99951171875,1075.2635498046875,500.3272705078125,250.69671630859375,449.9110107421875,424.601318359375,149.1745147705078,-25.094181060791016,-26.548242568969727,3.5393660068511963,-3.2343320846557617,-9.969200134277344,-20.25497055053711,-15.462594985961914,16.808923721313477
190,3.133333,31.347583770751953,56.713050842285156,-0.6595582962036133,-24.604562759399414,240.27108764648438,991.5809326171875,672.8368530273438,0.080780029296875,266.4198303222656,1139.112060546875,770.4400634765625,285.4104309082031,107.53157043457031,904.5806884765625,459.7303161621094,129.08323669433594,188.66937255859375,825.5161743164062,545.9234619140625,248.0656280517578,244.80703735351562,433.3069763183594,419.8990783691406,137.9265899658203,24.406362533569336,-49.16554260253906,-13.195220947265625,59.01205825805664
191,3.150000,30.022329330444336,28.370025634765625,32.173702239990234,38.87017822265625,13.6438627243042,0.1640605926513672,13.945452690124512,6.392828941345215,14.583621978759766,50.9653205871582,110.11898803710938,14.383654594421387,232.34852600097656,649.0640869140625,567.009765625,157.27532958984375,72.61398315429688,109.3345718383789,121.8390884399414,40.00511169433594,-8.574724197387695,-0.002536773681640625,-16.045019149780273,-13.420585632324219,2.462578296661377,-8.725152969360352,-4.136629581451416,-0.8560276031494141
192,3.166667,70.44365692138672,104.85028839111328,122.73880004882812,73.87075805664062,69.23145294189453,56.715858459472656,79.7975082397461,22.7144775390625,408.2724914550781,700.3148803710938,531.935791015625,194.25323486328125,711.8896484375,1365.027099609375,990.0650634765625,414.4869689941406,315.798583984375,583.9501342773438,427.808349609375,140.83436584472656,-31.913040161132812,-30.333969116210938,-22.23044204711914,-20.398292541503906,-2.6575794219970703,-16.991744995117188,-10.776554107666016,17.217086791992188
193,3.183333,2.525341033935547,18.945301055908203,-36.48904037475586,-24.567489624023438,72.38761138916016,444.3521423339844,456.5935363769531,115.72459411621094,120.18687438964844,782.2646484375,944.014404296875,465.4236755371094,235.8134002685547,891.092041015625,930.9771728515625,549.0656127929688,66.78544616699219,655.1161499023438,869.7532348632812,466.8046875,45.38786315917969,281.2586364746094,432.919677734375,262.66607666015625,4.267190933227539,19.16150665283203,-26.1185302734375,64.85398864746094
194,3.200000,16.990398406982422,2.513796091079712,12.043815612792969,3.6867246627807617,25.79914093017578,7.075577735900879,12.273043632507324,5.370272636413574,-15.169095993041992,61.232635498046875,150.7996063232422,49.70039367675781,191.4423065185547,590.4244995117188,555.2078857421875,191.40127563476562,105.67401885986328,167.97561645507812,123.65695190429688,62.40696334838867,21.712480545043945,-1.6155815124511719,-19.837087631225586,-14.268770217895508,11.280637741088867,-18.667264938354492,-2.5490479469299316,5.82126522064209
195,3.216667,18.61216163635254,71.31353759765625,244.08001708984375,177.32533264160156,17.725393295288086,11.631488800048828,121.64310455322266,63.19416427612305,378.0441589355469,675.9783935546875,508.5706787109375,198.8353271484375,783.290283203125,1479.778564453125,1071.311767578125,492.364501953125,326.80389404296875,554.22021484375,401.234130859375,133.8017120361328,-17.83792495727539,-36.21940612792969,-11.93804931640625,-24.243694305419922,-8.062169075012207,-37.35823059082031,-9.49250602722168,5.115591049194336
196,3.233333,0.024868011474609375,48.84188461303711,-0.5329818725585938,4.1762871742248535,83.46914672851562,291.84283447265625,232.22915649414062,84.64611053466797,186.77294921875,711.054931640625,846.749267578125,589.2675170898438,456.16900634765625,1141.554931640625,1294.0367431640625,1014.0235595703125,100.74124908447266,534.8885498046875,968.520751953125,761.6478271484375,48.03650665283203,151.38241577148438,255.69920349121094,190.55422973632812,9.494865417480469,39.6168098449707,30.019317626953125,68.69055938720703
197,3.250000,20.753984451293945,4.033324718475342,-4.867860794067383,-2.4411022663116455,25.78398895263672,90.49163818359375,111.26021575927734,8.503580093383789,-15.797696113586426,239.31922912597656,324.8528747558594,97.30268096923828,148.21383666992188,715.750244140625,617.4804077148438,147.60791015625,108.46061706542969,289.84832763671875,140.37527465820312,37.727317810058594,108.07726287841797,48.90839385986328,10.979225158691406,-20.859283447265625,41.02372741699219,-20.796737670898438,-0.23134136199951172,14.262412071228027
198,3.266667,74.35540771484375,176.50746154785156,254.1544952392578,146.11962890625,28.710723876953125,15.862918853759766,64.53895568847656,31.27425765991211,217.78622436523438,293.7703857421875,182.4957275390625,25.79990005493164,620.2238159179688,1220.105224609375,893.385986328125,327.4387512207031,186.00299072265625,225.40867614746094,247.64593505859375,39.602012634277344,-28.66718101501465,-15.977984428405762,-17.765487670898438,-9.710428237915039,-10.7664155960083,-10.325262069702148,-11.8478364944458,2.163318634033203
199,3.283333,8.146377563476562,112.5896987915039,67.18396759033203,57.78478240966797,66.51622009277344,177.33346557617188,142.5583953857422,16.19780731201172,259.1929626464844,574.4808349609375,610.7501220703125,356.31439208984375,697.563720703125,1422.056640625,1340.39990234375,867.5758056640625,212.78797912597656,412.17626953125,664.3932495117188,439.3509521484375,4.036781311035156,26.259891510009766,71.25141143798828,-2.2293949127197266,1.6792213916778564,1.576507568359375,12.513809204101562,22.247108459472656
200,3.300000,28.618907928466797,6.390036582946777,-5.318294525146484,-10.511656761169434,24.405235290527344,159.05076599121094,220.05706787109375,18.650081634521484,-46.079017639160156,262.94580078125,442.75347900390625,150.46469116210938,68.77127075195312,487.5903625488281,503.1695861816406,137.10372924804688,40.206031799316406,285.8741455078125,270.218017578125,88.25951385498047,57.7468147277832,48.74961471557617,46.20854949951172,-5.973236560821533,40.431846618652344,0.6320762634277344,-1.2905597686767578,17.422222137451172
201,3.316667,64.93600463867188,141.91380310058594,241.56797790527344,170.32998657226562,11.154144287109375,5.041286468505859,42.38715362548828,21.94581413269043,175.87820434570312,277.6026611328125,238.28660583496094,60.150413513183594,603.5128173828125,1284.971923828125,1073.089599609375,409.3487243652344,211.93873596191406,280.27294921875,402.8204040527344,152.856689453125,-16.752044677734375,-14.404560089111328,-4.1449174880981445,-23.843889236450195,-11.904929161071777,-16.26224136352539,-1.1536884307861328,-6.066991806030273
202,3.333333,87.30726623535156,141.5884246826172,44.084747314453125,44.44187927246094,87.3963623046875,223.650146484375,135.4432373046875,-6.634852886199951,121.91046142578125,429.00604248046875,400.8312683105469,192.60641479492188,409.1983642578125,1052.0130615234375,956.8206787109375,502.8336486816406,152.41360473632812,415.71295166015625,588.0684204101562,302.0024108886719,36.03507995605469,56.556884765625,122.17639923095703,-6.162561416625977,20.12428092956543,-1.4337491989135742,22.23963737487793,37.55915451049805
203,3.350000,50.104644775390625,26.75261116027832,29.023571014404297,26.60093116760254,24.745431900024414,166.90902709960938,288.5545654296875,46.51685333251953,-31.74090576171875,277.1199035644531,462.62078857421875,180.36294555664062,94.12486267089844,436.23687744140625,472.0119323730469,185.03536987304688,10.743576049804688,265.48040771484375,382.1697998046875,154.514892578125,17.219562530517578,56.19504165649414,115.73513793945312,-7.393867492675781,27.073490142822266,6.947205066680908,-1.3464126586914062,13.607593536376953
204,3.366667,122.10517883300781,178.43521118164062,198.89434814453125,166.83935546875,45.57127380371094,50.94523239135742,78.42515563964844,4.164226531982422,70.65624237060547,192.75234985351562,285.8555908203125,140.11228942871094,363.304931640625,847.678466796875,889.3145751953125,444.6209716796875,164.0687255859375,290.2100830078125,552.3605346679688,317.87237548828125,37.442623138427734,59.07297897338867,113.3687973022461,-21.511873245239258,26.29582977294922,37.53130340576172,50.18638229370117,27.573841094970703
205,3.383333,103.50801849365234,148.7969970703125,76.22484588623047,85.47784423828125,63.3808708190918,162.11172485351562,141.37997436523438,-7.255112648010254,106.61216735839844,353.0953369140625,420.99749755859375,239.24560546875,368.9582824707031,890.0394287109375,915.328369140625,549.2982177734375,167.0828399658203,399.2247009277344,690.3974609375,431.90655517578125,64.36432647705078,85.92301177978516,143.6505126953125,0.9804267883300781,32.58466720581055,25.428279876708984,32.723670959472656,38.30051040649414
206,3.400000,50.88951110839844,32.97321319580078,29.067665100097656,34.13058090209961,20.050947189331055,140.55908203125,256.41619873046875,43.800941467285156,-31.05548858642578,262.17193603515625,435.74200439453125,160.99354553222656,71.67678833007812,385.2508850097656,412.8387451171875,134.34457397460938,10.878488540649414,245.62094116210938,356.0687255859375,147.69747924804688,15.094355583190918,48.90852737426758,96.24839782714844,-2.411439895629883,25.793468475341797,5.864897727966309,-4.917908668518066,13.776599884033203
207,3.416667,142.75225830078125,219.04220581054688,212.458984375,176.53114318847656,47.077178955078125,69.42081451416016,82.71142578125,4.018434524536133,75.52775573730469,212.30857849121094,299.52557373046875,160.90142822265625,355.7728271484375,849.0463256835938,888.7059326171875,458.5413818359375,172.1320343017578,324.0978088378906,619.6116333007812,372.63726806640625,38.69235610961914,51.79933166503906,87.87106323242188,-20.457088470458984,28.584888458251953,36.30288314819336,42.71978759765625,28.247722625732422
208,3.433333,82.04216003417969,75.96615600585938,17.998897552490234,37.29098129272461,79.36534881591797,282.26678466796875,233.88369750976562,12.288686752319336,65.4237289428711,419.21697998046875,488.90435791015625,305.072509765625,190.18209838867188,584.9068603515625,685.80126953125,471.4499816894531,114.06360626220703,465.2827453613281,755.431640625,475.918701171875,95.90589904785156,162.6332550048828,225.8259735107422,61.994224548339844,41.505836486816406,26.89814567565918,29.032556533813477,74.08335876464844
209,3.450000,56.74866485595703,39.59918212890625,19.0123348236084,16.884437561035156,26.341602325439453,182.26025390625,266.48626708984375,34.03032684326172,-34.05989074707031,329.4346008300781,499.19921875,192.24554443359375,82.4915771484375,448.70733642578125,485.5224304199219,189.0719451904297,10.541131973266602,318.1313171386719,483.9173583984375,223.65745544433594,19.90558624267578,53.60420608520508,116.21743774414062,-3.3549442291259766,27.692495346069336,3.3091182708740234,1.1328392028808594,11.978433609008789
210,3.466667,86.8316650390625,103.62201690673828,135.515380859375,170.68324279785156,28.211523056030273,75.86810302734375,163.8760528564453,41.22095489501953,27.84063720703125,207.68414306640625,355.0662536621094,141.5563201904297,188.8856964111328,546.1435546875,651.686767578125,259.0445861816406,78.30909729003906,234.83551025390625,474.2679443359375,227.90467834472656,26.16966438293457,62.228485107421875,153.53759765625,-22.0602970123291,13.828927993774414,-4.073897838592529,21.614524841308594,16.297109603881836
211,3.483333,125.95942687988281,166.27499389648438,96.04530334472656,109.18285369873047,54.15227508544922,125.4132080078125,109.714111328125,-9.52983283996582,92.6133804321289,283.04461669921875,355.3908386230469,191.37257385253906,338.4190368652344,802.796875,846.8431396484375,471.0831298828125,167.24285888671875,363.041015625,639.8306884765625,386.19952392578125,60.90131378173828,77.76226806640625,130.83750915527344,-14.818673133850098,29.983034133911133,26.914382934570312,36.534210205078125,31.503032684326172
212,3.500000,50.94316101074219,28.947059631347656,-0.6170995831489563,-1.128462314605713,17.90269660949707,176.48504638671875,259.47314453125,35.274898529052734,-34.6348876953125,307.9958801269531,521.642822265625,211.7409210205078,63.22056198120117,398.8357238769531,491.2793273925781,189.25900268554688,50.4083251953125,361.76513671875,460.4537658691406,230.1305694580078,39.837120056152344,56.9607048034668,76.43770599365234,7.385522365570068,30.683881759643555,2.66733455657959,-8.006518363952637,19.037364959716797
213,3.516667,122.60945892333984,186.75079345703125,180.19662475585938,170.32052612304688,21.50005340576172,37.34218978881836,63.05299758911133,-1.6568870544433594,62.67110824584961,200.76968383789062,310.248046875,123.23475646972656,279.653076171875,722.8307495117188,818.1078491210938,330.75982666015625,136.2440185546875,252.31838989257812,541.2589721679688,282.31640625,16.683834075927734,46.47386169433594,105.81082153320312,-33.439788818359375,4.124002933502197,4.203134536743164,23.617305755615234,12.949509620666504
214,3.533333,92.51412200927734,103.13134765625,20.659841537475586,49.3123779296875,56.95317077636719,261.40216064453125,222.89137268066406,13.42092514038086,37.26788330078125,341.6296081542969,455.7546081542969,325.87054443359375,136.61691284179688,502.6527099609375,648.0218505859375,475.5189208984375,100.89457702636719,464.84197998046875,766.3182373046875,537.0020141601562,60.427852630615234,153.2525634765625,191.74716186523438,38.85197830200195,28.661151885986328,10.228534698486328,12.386566162109375,41.27813720703125
215,3.550000,67.6251220703125,53.815834045410156,19.192846298217773,23.933950424194336,38.518550872802734,188.43524169921875,244.77816772460938,21.829883575439453,0.9546728134155273,363.58282470703125,482.0296630859375,154.08448791503906,73.64307403564453,417.0478515625,465.1292419433594,118.29989624023438,29.226016998291016,353.1796569824219,561.1405029296875,221.6751251220703,73.73017883300781,117.58868408203125,218.60101318359375,29.834213256835938,34.85162353515625,1.6373367309570312,10.274173736572266,24.466882705688477
216,3.566667,55.617088317871094,42.75758743286133,15.415626525878906,42.68846130371094,32.23898696899414,148.75613403320312,245.9728240966797,36.92603302001953,21.27676773071289,356.5361633300781,517.6229858398438,196.7152557373047,93.0804443359375,445.153076171875,551.86767578125,175.45416259765625,45.67047119140625,348.8894348144531,608.0076904296875,263.80877685546875,57.69377517700195,115.93084716796875,244.04383850097656,31.585872650146484,27.170753479003906,6.4352617263793945,12.913492202758789,23.972597122192383
217,3.583333,99.4455795288086,94.75201416015625,21.027767181396484,44.02119064331055,57.669742584228516,260.70733642578125,224.43524169921875,6.849130630493164,40.63555908203125,388.3908386230469,450.66229248046875,265.74566650390625,119.56378173828125,481.611572265625,595.5111694335938,356.6170654296875,98.96931457519531,464.6281433105469,749.336669921875,453.75665283203125,77.17327117919922,160.77468872070312,234.29165649414062,26.693138122558594,36.75079345703125,12.344749450683594,27.591800689697266,38.500274658203125
218,3.600000,68.38733673095703,61.90177917480469,41.16136169433594,58.73127365112305,24.068042755126953,175.6974334716797,292.66973876953125,49.46623992919922,-11.930439949035645,329.4595642089844,521.3956298828125,196.55023193359375,68.71711730957031,343.4990539550781,435.33660888671875,152.34466552734375,24.99201011657715,328.6064453125,580.447021484375,280.1369934082031,38.16314697265625,74.28848266601562,178.9650115966797,43.13475036621094,25.084856033325195,8.410378456115723,-7.353387832641602,18.576560974121094
219,3.616667,115.32884216308594,153.88641357421875,91.85482025146484,103.65279388427734,26.215770721435547,153.579833984375,191.72325134277344,6.90876579284668,24.86029815673828,290.5625,431.541748046875,197.22190856933594,146.5718994140625,459.5964660644531,604.310791015625,291.31781005859375,82.5958480834961,334.6763610839844,662.53466796875,372.4225769042969,36.358612060546875,88.7899398803711,185.29812622070312,-9.515344619750977,22.081703186035156,0.97467041015625,21.305261611938477,6.804313659667969
220,3.633333,66.69293975830078,54.131439208984375,36.7828369140625,58.53287887573242,30.64459991455078,167.4181671142578,294.13934326171875,50.29510498046875,3.880080223083496,358.719970703125,529.0506591796875,203.12449645996094,70.75698852539062,382.95556640625,463.7586364746094,149.03762817382812,37.99273681640625,356.9984436035156,563.7890625,255.5148162841797,59.4543342590332,105.77581024169922,215.4373016357422,40.41545867919922,25.09610939025879,4.546772003173828,-7.891237258911133,27.589008331298828
221,3.650000,95.14269256591797,93.33149719238281,36.7452278137207,38.47900390625,34.093753814697266,212.4586181640625,248.01148986816406,18.413877487182617,-9.806952476501465,326.43267822265625,466.09783935546875,187.94105529785156,67.04901885986328,315.41131591796875,418.0861511230469,185.01583862304688,35.59710693359375,327.950927734375,561.302001953125,292.3897399902344,66.56209564208984,107.22868347167969,170.16444396972656,33.07638931274414,33.06255340576172,6.9635090827941895,1.920083999633789,20.04950714111328
222,3.666667,100.69670104980469,80.84430694580078,43.73317337036133,54.81865310668945,38.559513092041016,206.71957397460938,271.3615417480469,30.587631225585938,13.124305725097656,327.73602294921875,467.7783203125,195.42776489257812,62.606956481933594,286.8251037597656,405.7743225097656,158.5724639892578,41.58296585083008,334.9498291015625,567.1552734375,275.77069091796875,73.89855194091797,138.42042541503906,230.70318603515625,50.35154724121094,38.22850036621094,6.731895923614502,-1.9615631103515625,35.100337982177734
223,3.683333,114.5882339477539,108.75486755371094,57.300323486328125,94.70489501953125,30.755523681640625,171.51844787597656,240.6070098876953,26.97011947631836,11.430387496948242,299.24041748046875,474.6419677734375,252.41281127929688,89.7164306640625,348.9002990722656,536.4783935546875,295.9385681152344,70.27753448486328,355.0543212890625,651.0112915039062,384.7026672363281,48.10270309448242,113.834228515625,209.16819763183594,24.428077697753906,24.156780242919922,7.200398921966553,0.9058628082275391,17.367599487304688
224,3.700000,88.73991394042969,83.03483581542969,21.68687629699707,25.445011138916016,24.628644943237305,225.90200805664062,281.2261047363281,40.137611389160156,-12.43021011352539,333.00213623046875,525.2554931640625,264.9332275390625,59.5316162109375,308.78350830078125,447.9217529296875,246.38636779785156,51.746192932128906,393.6040344238281,615.0490112304688,382.03564453125,59.4671630859375,114.7566146850586,173.75527954101562,62.47825622558594,32.90095138549805,1.6798591613769531,-18.50635528564453,32.91633224487305
225,3.716667,130.12937927246094,123.75405883789062,52.70514678955078,63.23726272583008,38.00285339355469,203.18775939941406,230.842041015625,10.597297668457031,3.5144925117492676,309.6180419921875,416.34429931640625,188.1669921875,64.86604309082031,301.4626770019531,410.21484375,189.65760803222656,60.647762298583984,365.78326416015625,591.3323974609375,331.33160400390625,66.99341583251953,129.21981811523438,195.3893585205078,28.482948303222656,30.122377395629883,-0.08404350280761719,-7.145427703857422,23.00086784362793
226,3.733333,109.07064819335938,98.04582214355469,29.895240783691406,43.41545104980469,35.894248962402344,227.81396484375,260.8182067871094,24.29364776611328,13.698320388793945,345.26202392578125,468.5133056640625,236.16558837890625,70.01641082763672,302.126953125,430.5281982421875,228.95623779296875,78.41664123535156,413.2827453613281,618.6962280273438,350.0458679199219,91.5459213256836,155.8905029296875,228.18365478515625,61.569366455078125,35.541900634765625,5.170044422149658,-10.806550979614258,37.653968811035156
227,3.750000,154.17510986328125,137.2829132080078,54.86509704589844,93.56683349609375,35.90693664550781,157.70562744140625,185.3382568359375,12.06319808959961,-0.32921648025512695,252.35928344726562,357.1771545410156,180.19586181640625,58.46009826660156,274.26470947265625,403.3404541015625,195.10711669921875,71.11862182617188,371.25830078125,599.8475952148438,352.145751953125,67.26834869384766,126.91848754882812,199.9312286376953,32.55112838745117,25.375316619873047,-5.673283100128174,-9.111492156982422,19.269489288330078
228,3.766667,118.90223693847656,96.6270523071289,35.76350402832031,59.9887580871582,39.39756774902344,200.94029235839844,231.87985229492188,21.671470642089844,12.906814575195312,293.59735107421875,408.7486572265625,216.8523406982422,63.64092254638672,285.3497314453125,412.9126892089844,216.40797424316406,75.13420104980469,398.38653564453125,627.10302734375,364.4111328125,89.91535186767578,162.9351043701172,246.6769561767578,66.8553466796875,35.760154724121094,-1.9348793029785156,-8.620574951171875,33.12082290649414
229,3.783333,161.84803771972656,169.859375,78.63300323486328,120.44485473632812,30.2076473236084,174.31817626953125,205.7692108154297,34.34093475341797,-9.565631866455078,270.2016906738281,415.22637939453125,296.0771484375,66.11921691894531,285.6136169433594,488.86529541015625,380.392822265625,79.90602111816406,382.5765380859375,680.3378295898438,537.6519775390625,35.02179718017578,104.79296875,167.97476196289062,58.33563995361328,16.76390838623047,0.42259693145751953,-24.70802116394043,23.770999908447266
230,3.800000,138.6900634765625,130.87930297851562,68.64093017578125,108.49554443359375,37.54865264892578,213.5413818359375,267.8174133300781,41.15767288208008,22.95615005493164,290.6711120605469,418.59808349609375,237.56565856933594,70.18608093261719,254.98904418945312,403.49609375,244.94871520996094,83.65866088867188,388.8739013671875,654.1474609375,413.661376953125,95.9630126953125,168.33848571777344,266.91845703125,94.45835876464844,35.66844177246094,5.100109100341797,-8.833728790283203,44.11306381225586
231,3.816667,194.54600524902344,205.42747497558594,122.00991821289062,153.808837890625,47.25957107543945,199.4837646484375,231.84141540527344,25.19495391845703,5.259861946105957,234.44842529296875,352.76446533203125,195.30935668945312,69.2845458984375,273.51202392578125,396.6573181152344,222.0761260986328,88.93556213378906,397.9786376953125,650.1492309570312,407.1365661621094,86.8165054321289,149.79696655273438,229.3153076171875,61.34599685668945,28.23392105102539,-4.326599597930908,-14.933209419250488,29.62129783630371
232,3.833333,137.94467163085938,114.0168685913086,40.89656066894531,58.55481719970703,45.603572845458984,280.1669921875,310.71826171875,39.722877502441406,31.880542755126953,334.04718017578125,469.8406066894531,229.92425537109375,66.78081512451172,235.31051635742188,387.34954833984375,196.74920654296875,85.23680877685547,414.1600036621094,659.8365478515625,353.0315856933594,140.84585571289062,218.0013427734375,314.71044921875,123.27261352539062,53.032073974609375,11.492568969726562,0.7158164978027344,55.86774444580078
233,3.850000,178.2223663330078,202.3827667236328,110.87660217285156,166.70806884765625,27.579666137695312,145.65362548828125,183.74697875976562,30.239866256713867,-15.4108247756958,235.0113525390625,357.4664306640625,245.56890869140625,70.45512390136719,338.21722412109375,473.22344970703125,318.34075927734375,88.98526000976562,385.7730712890625,696.1742553710938,518.5138549804688,31.664661407470703,76.47965240478516,149.31617736816406,32.92049026489258,10.408453941345215,-14.471694946289062,-28.38680076599121,6.516062259674072
234,3.866667,196.08358764648438,213.91070556640625,151.54531860351562,192.62847900390625,40.831390380859375,228.97726440429688,290.9403991699219,66.07868194580078,4.472179412841797,237.7336883544922,389.8006591796875,261.30145263671875,65.92987060546875,252.2753143310547,406.68292236328125,279.9863586425781,87.41867065429688,379.52105712890625,617.5245361328125,431.48101806640625,84.67577362060547,141.26278686523438,206.46617126464844,71.7379379272461,28.65750503540039,-1.846529483795166,-19.47020721435547,32.471031188964844
235,3.883333,127.62074279785156,128.55575561523438,32.950233459472656,82.92568969726562,20.472768783569336,147.0837860107422,172.52587890625,20.428966522216797,3.2638940811157227,248.69366455078125,425.17193603515625,336.61602783203125,89.5745849609375,299.7452087402344,568.7435302734375,483.9007568359375,127.86032104492188,474.6836853027344,873.4591064453125,719.0264892578125,53.00492477416992,143.13356018066406,235.51828002929688,121.38128662109375,14.169120788574219,2.945629119873047,-25.937026977539062,17.160768508911133
236,3.900000,157.70191955566406,162.36932373046875,79.74853515625,120.521728515625,34.125911712646484,250.61541748046875,294.1237487792969,57.84501647949219,7.153082847595215,279.50518798828125,433.9898681640625,288.2538757324219,61.68148422241211,244.15469360351562,418.0748291015625,300.0736999511719,89.56348419189453,429.10833740234375,703.4432373046875,497.9671630859375,90.52704620361328,169.66018676757812,244.48484802246094,105.76551055908203,30.684478759765625,-0.9611835479736328,-22.473703384399414,33.219905853271484
237,3.916667,181.33070373535156,187.20712280273438,84.37061309814453,130.5275421142578,34.48501968383789,213.337646484375,240.97805786132812,48.84841537475586,-4.0370259284973145,249.70826721191406,405.1190185546875,307.7618103027344,60.78657150268555,231.28533935546875,430.2877502441406,360.9746398925781,87.57852172851562,390.5547790527344,686.774169921875,550.4205322265625,66.02760314941406,136.69105529785156,205.03724670410156,107.52061462402344,20.12746238708496,0.21002578735351562,-25.791351318359375,33.169342041015625
238,3.933333,118.63369750976562,116.23381805419922,29.26443862915039,42.18854904174805,32.054039001464844,290.23382568359375,324.3726806640625,49.16208267211914,6.225494861602783,360.47271728515625,519.0501708984375,299.5680236816406,62.110618591308594,283.08416748046875,418.8621826171875,277.1029052734375,95.14200592041016,491.8111877441406,711.1868896484375,464.6471862792969,117.48326110839844,203.821044921875,272.4098815917969,129.60308837890625,36.53299331665039,0.8810958862304688,-25.74435043334961,44.634090423583984
239,3.950000,112.33134460449219,116.81028747558594,20.387557983398438,42.23408889770508,24.804201126098633,178.7820281982422,199.07244873046875,22.533178329467773,-13.69670295715332,309.5158386230469,461.08123779296875,326.0232849121094,45.594120025634766,301.06390380859375,483.214111328125,393.03582763671875,85.9022445678711,449.9988098144531,753.0194702148438,604.3316650390625,44.66509246826172,127.7595443725586,184.06658935546875,83.8896484375,15.005559921264648,2.09621524810791,-24.873062133789062,25.12354278564453
240,3.966667,120.62499237060547,116.65743255615234,22.568248748779297,52.52504348754883,27.25177764892578,243.14007568359375,262.4964294433594,44.71699142456055,-6.8214802742004395,328.666015625,476.4024658203125,331.734375,51.29380798339844,294.61767578125,448.6497802734375,359.52618408203125,92.97703552246094,494.9269714355469,751.9609985351562,578.5197143554688,67.81067657470703,165.68527221679688,219.81607055664062,103.26171112060547,22.042646408081055,-3.873812675476074,-27.145954132080078,37.247657775878906
241,3.983333,146.86036682128906,156.43865966796875,54.86100769042969,116.18802642822266,17.39860725402832,143.6818084716797,178.41519165039062,40.26045227050781,-16.91266441345215,264.24444580078125,430.6971130371094,347.6766662597656,60.25175476074219,302.2060241699219,525.9483642578125,450.52935791015625,89.24644470214844,401.7561340332031,734.2482299804688,640.5161743164062,30.40038299560547,91.97872924804688,146.963623046875,81.74095916748047,10.470020294189453,-3.8001842498779297,-28.467636108398438,17.31179428100586
242,4.000000,106.43612670898438,104.5578842163086,7.021566867828369,25.18930435180664,28.76303482055664,268.3338317871094,286.61004638671875,50.939334869384766,-3.442106246948242,381.3460388183594,529.8450317382812,365.5763244628906,52.04599380493164,336.5396728515625,484.70660400390625,375.7502136230469,107.64338684082031,543.5819702148438,756.3526000976562,569.50634765625,75.45164489746094,174.45999145507812,221.1411895751953,109.46150207519531,20.906930923461914,0.477691650390625,-30.159122467041016,44.9571647644043
243,4.016667,108.91978454589844,124.43588256835938,29.23531723022461,53.73307418823242,19.62611961364746,157.0680694580078,176.121337890625,34.876461029052734,-11.77718448638916,280.20220947265625,488.06414794921875,391.133056640625,76.04458618164062,300.0584411621094,589.6546630859375,560.002685546875,98.48600769042969,444.8308410644531,893.044921875,804.8780517578125,39.23062515258789,113.45472717285156,168.3408660888672,151.8669891357422,17.65611457824707,25.592166900634766,-27.86687469482422,35.54768753051758
244,4.033333,148.22216796875,170.53500366210938,93.70975494384766,138.02061462402344,25.82611656188965,161.51048278808594,197.2477569580078,43.151580810546875,-7.359007835388184,255.60813903808594,433.9617614746094,324.3735046386719,61.86576843261719,269.0595703125,516.2858276367188,432.01141357421875,73.56690979003906,371.54217529296875,765.208740234375,645.3817138671875,25.72583770751953,94.37073516845703,154.13787841796875,100.66729736328125,21.344785690307617,9.452868461608887,-28.34014892578125,31.1529598236084
245,4.050000,168.80245971679688,182.10293579101562,81.7335433959961,120.7064437866211,33.76869201660156,192.872314453125,205.14984130859375,22.104541778564453,-4.542930603027344,285.3921813964844,391.03076171875,251.23770141601562,73.9307632446289,309.05780029296875,453.3144836425781,322.7017822265625,78.78644561767578,386.89501953125,688.2783813476562,507.3788146972656,38.997154235839844,102.49633026123047,166.79100036621094,46.54469299316406,16.273719787597656,-3.7430343627929688,-19.73208236694336,17.073427200317383
246,4.066667,88.67303466796875,91.43748474121094,14.667496681213379,24.550437927246094,22.077754974365234,160.73297119140625,206.35594177246094,22.602603912353516,-24.06035614013672,308.08746337890625,500.7163391113281,290.96453857421875,49.02104949951172,340.5584716796875,511.48687744140625,336.0816955566406,58.97641372680664,424.3334655761719,741.5091552734375,545.1558227539062,30.580869674682617,83.57288360595703,160.45843505859375,78.85679626464844,18.588966369628906,0.0041866302490234375,-18.09376335144043,21.02370834350586
247,4.083333,151.20046997070312,157.46656799316406,60.57218933105469,99.76879119873047,31.32435417175293,173.64161682128906,185.25955200195312,14.14369010925293,-9.101107597351074,273.2450866699219,359.589111328125,201.29190063476562,58.44689178466797,293.6372375488281,408.06494140625,246.70301818847656,54.745574951171875,361.25128173828125,663.5671997070312,449.72021484375,41.82035446166992,100.45207977294922,179.75926208496094,31.27570343017578,21.17026138305664,-5.027881622314453,-8.57271957397461,13.042335510253906
248,4.100000,183.91189575195312,205.2904815673828,263.1807861328125,308.7171325683594,35.138511657714844,24.439434051513672,90.50735473632812,33.33422088623047,10.773097038269043,85.98684692382812,201.97415161132812,115.66445922851562,122.47499084472656,405.01812744140625,527.7518920898438,228.16220092773438,85.64045715332031,230.2998046875,519.1981201171875,322.11224365234375,31.443443298339844,38.86981201171875,123.3798828125,-28.633913040161133,11.848575592041016,-25.05877113342285,16.134614944458008,9.02682876586914
249,4.116667,74.04273986816406,69.98043823242188,7.815356254577637,44.990055084228516,36.087669372558594,195.51388549804688,262.9018249511719,29.277793884277344,36.426292419433594,340.1144714355469,522.4580078125,288.30535888671875,105.72406005859375,464.53765869140625,644.4974365234375,327.9598388671875,95.0223388671875,455.84698486328125,778.7742919921875,432.6905517578125,91.34331512451172,174.10720825195312,337.74298095703125,60.92046356201172,35.729305267333984,4.7977094650268555,34.243743896484375,26.88494300842285
250,4.133333,58.66001892089844,31.590167999267578,15.633065223693848,-2.139600992202759,68.17947387695312,338.50006103515625,329.03759765625,10.10260009765625,2.8783226013183594,424.109375,507.3517761230469,198.28619384765625,45.85700988769531,441.23687744140625,451.75262451171875,152.04727172851562,161.75430297851562,567.2733764648438,398.42523193359375,155.6219940185547,202.03915405273438,197.90858459472656,137.89865112304688,18.73516845703125,74.09797668457031,-9.867008209228516,-18.434200286865234,48.3376350402832
251,4.150000,161.4043426513672,182.3776397705078,131.06143188476562,148.52203369140625,25.668251037597656,81.38252258300781,99.56370544433594,10.639527320861816,-10.201530456542969,113.01585388183594,199.4739990234375,70.69366455078125,76.32176971435547,247.24951171875,349.1750793457031,135.1580352783203,42.90509796142578,215.0448760986328,442.3002624511719,253.2738800048828,12.23961067199707,42.99013900756836,87.07054901123047,-19.717315673828125,16.551298141479492,-9.097286224365234,-0.5244960784912109,2.8463921546936035
252,4.166667,110.37661743164062,117.55719757080078,122.79984283447266,153.63775634765625,28.176382064819336,101.13638305664062,187.6195068359375,35.34309768676758,11.836126327514648,236.32342529296875,351.6411437988281,130.40530395507812,109.37572479248047,380.4494323730469,483.9429931640625,168.96343994140625,63.05796432495117,285.4731750488281,528.4170532226562,262.16766357421875,37.991233825683594,68.67792510986328,170.49295043945312,3.1506967544555664,22.703893661499023,-6.696086883544922,11.854822158813477,10.913098335266113
253,4.183333,126.88402557373047,109.6538314819336,130.60858154296875,183.44606018066406,34.88646697998047,55.839168548583984,114.44387817382812,20.443933486938477,-1.7103781700134277,105.77240753173828,289.8343200683594,179.9066162109375,60.37468719482422,276.0024108886719,534.916748046875,281.4513854980469,33.98379135131836,196.31192016601562,588.8101806640625,390.17083740234375,25.262033462524414,50.2093505859375,135.6080322265625,0.5058927536010742,26.26224136352539,-14.852323532104492,19.04640769958496,-4.094900131225586
254,4.200000,35.207366943359375,15.16605281829834,-4.947925090789795,10.283944129943848,37.847293853759766,191.93453979492188,292.7436828613281,52.77055358886719,6.987648010253906,377.8768310546875,562.4902954101562,291.4268493652344,84.06100463867188,500.29681396484375,626.63232421875,290.6693115234375,35.64627456665039,397.83453369140625,697.7136840820312,360.32135009765625,60.13174057006836,117.63043212890625,261.66949462890625,64.90576934814453,34.24137496948242,2.4004716873168945,4.780162811279297,26.36989974975586
255,4.216667,57.97796630859375,17.966026306152344,3.5851218700408936,-7.311846733093262,98.40641784667969,305.8211669921875,287.0625,14.214344024658203,35.256107330322266,447.38421630859375,496.05963134765625,206.24822998046875,69.70719909667969,561.904541015625,550.77294921875,179.75091552734375,193.6617431640625,525.9576416015625,270.2297668457031,111.5218734741211,251.2459716796875,168.1636199951172,68.81438446044922,4.209497451782227,99.62642669677734,-17.037734985351562,-10.460874557495117,36.678993225097656
256,4.233333,63.834861755371094,57.831600189208984,88.00872039794922,109.67208099365234,28.002365112304688,7.549951553344727,26.642284393310547,-14.068865776062012,-16.0771541595459,45.853424072265625,303.964599609375,239.96563720703125,80.40612030029297,345.23699951171875,754.3851318359375,478.6399230957031,37.082847595214844,144.67483520507812,614.8787231445312,516.18310546875,-9.516075134277344,-1.4724273681640625,30.556964874267578,-9.021360397338867,18.680233001708984,-19.24834632873535,6.728672027587891,-22.776561737060547
257,4.250000,31.447772979736328,28.371116638183594,-4.689011096954346,22.063175201416016,31.23862075805664,134.99278259277344,173.06985473632812,25.181961059570312,1.0743885040283203,286.6246337890625,530.447021484375,287.33721923828125,132.8181610107422,517.1126708984375,797.3345336914062,446.9688720703125,42.67911148071289,301.5067138671875,713.3110961914062,425.5047607421875,45.725341796875,53.658905029296875,172.2920379638672,34.72627258300781,35.4040641784668,6.897758960723877,29.317066192626953,11.683891296386719
258,4.266667,93.08634948730469,185.89637756347656,57.5544548034668,41.85491943359375,251.19671630859375,910.4534301757812,760.15234375,66.8354721069336,175.01504516601562,609.2939453125,671.3590698242188,220.53111267089844,40.17295455932617,264.6624755859375,236.21835327148438,79.5965347290039,173.12210083007812,280.80950927734375,167.86251831054688,146.90780639648438,291.603759765625,349.67901611328125,217.33729553222656,122.75511932373047,86.18791961669922,7.412078857421875,-13.346237182617188,75.26873779296875
259,4.283333,80.60149383544922,109.84901428222656,215.8480224609375,216.97463989257812,20.655864715576172,-10.68423080444336,53.266693115234375,18.240447998046875,23.84908103942871,109.90437316894531,297.37933349609375,231.2642364501953,225.31980895996094,722.3242797851562,953.4015502929688,490.7774963378906,101.47755432128906,189.30572509765625,609.3749389648438,416.01324462890625,-7.237770080566406,-14.032083511352539,20.216670989990234,-43.22592544555664,3.6699628829956055,-22.638153076171875,1.906911849975586,-9.348007202148438
260,4.300000,16.47692108154297,24.181299209594727,32.441017150878906,64.14221954345703,20.190292358398438,61.110015869140625,103.44682312011719,28.584436416625977,70.17823791503906,338.1226806640625,552.5104370117188,302.5595703125,330.28125,854.0018310546875,1086.5938720703125,629.343994140625,75.88246154785156,244.28268432617188,661.4261474609375,402.9107360839844,7.966251373291016,15.299440383911133,90.63367462158203,1.7475223541259766,17.81793212890625,4.010497093200684,12.218151092529297,14.643386840820312
261,4.316667,147.61941528320312,129.0078125,32.14117431640625,32.3929557800293,256.5061340332031,828.8682250976562,673.0997314453125,49.483585357666016,168.00364685058594,699.0464477539062,635.2162475585938,201.42335510253906,53.12474822998047,454.2498779296875,355.34832763671875,116.89942932128906,193.08102416992188,415.91864013671875,134.56723022460938,122.58291625976562,379.42236328125,327.6884765625,121.69218444824219,48.69117736816406,148.04783630371094,-24.96648597717285,-0.15784835815429688,68.54479217529297
262,4.333333,26.48818588256836,21.808780670166016,82.21575927734375,106.73482513427734,20.62197494506836,-15.933439254760742,10.084590911865234,0.9681730270385742,13.424680709838867,113.72987365722656,321.424560546875,178.66033935546875,232.1620330810547,711.744140625,964.9666748046875,479.21002197265625,76.03358459472656,143.53298950195312,547.2412109375,375.4609375,-13.486042022705078,-16.279043197631836,-7.643794059753418,-26.215290069580078,6.917141437530518,-13.569674491882324,-5.777437210083008,-19.621320724487305
263,4.350000,44.78947067260742,40.798866271972656,43.95121765136719,71.9004898071289,34.20076370239258,59.688392639160156,100.0422592163086,20.054119110107422,-15.568442344665527,149.88311767578125,431.568603515625,327.73382568359375,148.79539489746094,579.111328125,922.719970703125,603.0953369140625,54.19930648803711,249.1965789794922,689.2994384765625,530.6260986328125,6.228466033935547,8.061145782470703,67.01759338378906,-7.237063407897949,26.264610290527344,-10.070289611816406,12.56893539428711,-3.873394012451172
264,4.366667,84.59454345703125,-21.742053985595703,-29.61836051940918,-6.155364036560059,163.72239685058594,219.65756225585938,152.27102661132812,62.31062698364258,-15.525762557983398,273.38775634765625,441.6104431152344,285.37713623046875,5.489227294921875,442.85772705078125,612.0242309570312,323.2608642578125,21.041324615478516,168.99462890625,86.13935852050781,82.72700500488281,150.4197998046875,76.04061889648438,-5.710759162902832,-6.388777732849121,78.26671600341797,-25.635757446289062,-0.09810638427734375,10.859411239624023
265,4.383333,28.322160720825195,27.114030838012695,91.99702453613281,107.67713928222656,23.045629501342773,-10.778047561645508,12.909812927246094,3.845684051513672,26.25308609008789,126.95355987548828,311.109130859375,158.44851684570312,283.1899719238281,808.5908203125,1007.4044189453125,473.56024169921875,89.67800903320312,170.23629760742188,547.53271484375,338.55035400390625,-9.781757354736328,-14.34104061126709,9.976253509521484,-28.561267852783203,5.484612941741943,-15.900322914123535,0.3956184387207031,-13.05282211303711
266,4.400000,12.40224552154541,-14.78962230682373,-12.50715446472168,-1.6421455144882202,31.2565975189209,95.53738403320312,133.59237670898438,42.861900329589844,-32.3967399597168,309.54449462890625,529.8173217773438,327.00054931640625,70.01510620117188,643.3863525390625,835.4283447265625,429.9295959472656,16.925806045532227,263.2971496582031,374.791015625,242.26991271972656,40.02397155761719,28.877164840698242,27.659053802490234,-18.164222717285156,29.97905731201172,-4.366472244262695,2.241046905517578,-7.3458709716796875
267,4.416667,9.633611679077148,-5.290114402770996,-18.144254684448242,1.422441005706787,17.940418243408203,45.27394485473633,67.06112670898438,10.880104064941406,-34.982177734375,188.7497100830078,419.30413818359375,281.040771484375,94.18241882324219,581.0339965820312,840.3113403320312,488.0296936035156,26.277069091796875,264.5899353027344,465.44525146484375,344.1610107421875,2.4293556213378906,11.178382873535156,19.011579513549805,-34.955657958984375,23.665834426879883,-12.470409393310547,2.134836196899414,-3.9530115127563477
268,4.433333,3.661458969116211,-5.037198543548584,-11.395882606506348,4.199268341064453,20.119382858276367,15.54544448852539,47.33282470703125,17.613733291625977,-21.167430877685547,215.80404663085938,492.13226318359375,283.0087890625,203.42266845703125,906.682861328125,1138.9560546875,564.7642822265625,48.80988693237305,214.84548950195312,467.95916748046875,315.52679443359375,2.202098846435547,-10.910028457641602,0.1293649673461914,-34.39369201660156,3.592860698699951,-4.2689056396484375,-9.59317398071289,-8.370664596557617
269,4.450000,6.700483322143555,-3.170269012451172,-8.521026611328125,10.769208908081055,26.869691848754883,26.004684448242188,41.026668548583984,7.660478115081787,-23.014881134033203,163.35263061523438,426.075927734375,257.3598937988281,211.4349822998047,778.8228759765625,1038.3597412109375,584.9713745117188,51.854644775390625,244.014404296875,528.546142578125,361.3153991699219,-5.458835601806641,0.23947906494140625,15.273921966552734,-36.985721588134766,15.218954086303711,-5.738828659057617,-2.992666244506836,-3.4079246520996094
270,4.466667,17.93067741394043,-17.53095817565918,-10.734892845153809,2.759486675262451,61.102046966552734,106.61934661865234,86.61817932128906,28.893518447875977,-40.05535888671875,262.49298095703125,456.2083740234375,296.02984619140625,59.119815826416016,640.7659301757812,859.9970092773438,441.5123291015625,5.0660400390625,209.82765197753906,316.9010009765625,191.63792419433594,28.05936050415039,25.07443618774414,-0.672540545463562,-29.628206253051758,20.476165771484375,0.4624357223510742,0.6647377014160156,-8.073734283447266
271,4.483333,8.353288650512695,-6.040045261383057,12.971882820129395,34.78241729736328,33.232757568359375,-5.046875,9.235244750976562,-4.037375450134277,30.219802856445312,174.83514404296875,393.0743713378906,193.26055908203125,366.47198486328125,1038.73095703125,1239.1455078125,635.5305786132812,98.39506530761719,204.7370147705078,602.641357421875,375.93243408203125,-10.011726379394531,-16.534765243530273,7.787811279296875,-17.788301467895508,5.2964630126953125,-4.235898017883301,-8.510807037353516,-4.255851745605469
272,4.500000,34.39057540893555,-16.918439865112305,-18.091270446777344,-8.496664047241211,95.0987548828125,224.36627197265625,163.03054809570312,32.54248046875,-35.02631759643555,377.0556640625,470.32098388671875,217.70603942871094,38.75006866455078,613.6510009765625,675.7706298828125,290.4727478027344,-7.821662902832031,264.8160095214844,193.00022888183594,68.77059173583984,131.86317443847656,87.35050964355469,12.671419143676758,-19.781566619873047,64.90931701660156,-9.087777137756348,5.743476867675781,6.283483982086182
273,4.516667,7.326081275939941,-5.886823654174805,3.906292200088501,12.658010482788086,33.79796600341797,11.945525169372559,24.435089111328125,-10.12185287475586,-32.427650451660156,69.5853271484375,286.0267333984375,168.14161682128906,149.64077758789062,624.5621337890625,882.759521484375,462.28082275390625,35.444339752197266,159.94424438476562,434.70916748046875,296.56732177734375,-5.960002899169922,-4.521510124206543,15.598068237304688,-33.5289192199707,16.292030334472656,-11.662750244140625,-5.39503288269043,-13.37303638458252
274,4.533333,2.33587646484375,-2.516951084136963,4.355321407318115,16.120338439941406,10.89348030090332,-3.2465896606445312,5.164768218994141,10.596723556518555,87.7094497680664,331.59173583984375,544.9561767578125,258.7427673339844,498.5286865234375,1306.5150146484375,1446.5452880859375,735.1559448242188,105.00271606445312,210.36492919921875,567.3068237304688,348.61846923828125,-10.733882904052734,-15.34006118774414,-6.864487648010254,-6.451011657714844,-5.535145282745361,2.920755386352539,-14.525814056396484,-6.741575241088867
275,4.550000,10.8880615234375,-6.571070671081543,-14.725292205810547,-0.6881844401359558,21.328338623046875,56.11314392089844,96.8509292602539,28.121904373168945,-28.785762786865234,217.73239135742188,469.31964111328125,278.4924621582031,159.8427734375,794.9022827148438,975.9315185546875,477.96295166015625,36.62317657470703,226.810546875,325.5245056152344,204.88287353515625,11.270322799682617,10.89457893371582,5.546308517456055,-45.89132308959961,13.558841705322266,-5.342205047607422,-4.811296463012695,-5.35626220703125
276,4.566667,4.737483978271484,-9.605443000793457,-13.794294357299805,2.1037278175354004,24.558441162109375,35.07817840576172,40.22671890258789,4.0056891441345215,-16.166406631469727,189.2848358154297,359.8240966796875,161.56076049804688,193.9710235595703,831.4940185546875,949.5567626953125,390.9490051269531,18.60590934753418,152.85447692871094,212.19046020507812,91.2368392944336,5.486686706542969,17.301958084106445,-5.2528276443481445,-36.52445602416992,8.024486541748047,-1.0731072425842285,-7.204999923706055,3.9800357818603516
277,4.583333,8.711719512939453,-5.623178005218506,12.967486381530762,33.28635025024414,31.672954559326172,-13.205917358398438,0.9772605895996094,-2.345613479614258,43.26802062988281,177.0907745361328,373.92864990234375,170.21176147460938,396.3995666503906,1093.58984375,1248.1138916015625,602.1420288085938,106.7109375,180.00830078125,520.84765625,312.236328125,-9.402027130126953,-17.128829956054688,-4.252345085144043,-22.639726638793945,0.6790037155151367,-5.368452548980713,-11.531759262084961,-3.359498977661133
278,4.600000,2.9676513671875,-2.470235824584961,1.5798282623291016,15.231607437133789,17.8861083984375,1.5452423095703125,9.06972885131836,11.43677043914795,94.47224426269531,340.9849853515625,561.1251220703125,265.24041748046875,510.66802978515625,1329.3758544921875,1475.7103271484375,749.759521484375,110.57601165771484,228.22718811035156,556.76708984375,329.6613464355469,-5.040245056152344,-10.698471069335938,4.617892265319824,-12.457834243774414,-5.586015701293945,2.1435461044311523,-10.001964569091797,-0.6511878967285156
279,4.616667,6.791511535644531,-6.691864967346191,-11.510530471801758,1.927013874053955,23.23788070678711,49.403778076171875,76.25409698486328,21.892934799194336,-3.454758644104004,260.8723449707031,484.0829162597656,243.18869018554688,236.92617797851562,958.2376708984375,1081.257080078125,478.0849609375,60.749244689941406,251.7340850830078,385.2039794921875,205.9681396484375,13.228008270263672,11.615753173828125,22.608936309814453,-41.5164680480957,8.14945125579834,-2.8755598068237305,-2.7610130310058594,-0.0397186279296875
280,4.633333,2.4189815521240234,-9.532210350036621,-5.958226203918457,7.471713066101074,25.882530212402344,39.210601806640625,33.26780700683594,4.075456619262695,8.275550842285156,250.33932495117188,401.6212158203125,156.79885864257812,289.1177062988281,1079.02880859375,1150.040771484375,455.9637451171875,60.76463317871094,220.94053649902344,371.8542175292969,158.79443359375,7.263984680175781,5.77142333984375,7.827274322509766,-34.161598205566406,-0.14831209182739258,-1.5136432647705078,-7.811100006103516,1.0964069366455078
281,4.650000,7.374941825866699,-10.64061164855957,0.8742191791534424,9.905208587646484,39.3351936340332,36.780887603759766,38.01662063598633,7.046835422515869,-24.813875198364258,151.6083984375,294.9248352050781,133.26361083984375,200.28912353515625,910.3414306640625,973.2178955078125,377.8247985839844,42.295249938964844,180.78802490234375,296.40277099609375,144.27647399902344,1.9237632751464844,3.2494335174560547,-0.6820807456970215,-36.596858978271484,4.186380386352539,-5.583168983459473,-7.258279800415039,2.1172122955322266
282,4.666667,7.019892692565918,-10.112958908081055,-2.569880723953247,4.9577484130859375,28.296295166015625,26.92218017578125,25.540794372558594,4.171954154968262,-8.558889389038086,146.61236572265625,252.40631103515625,82.70526123046875,221.04055786132812,864.934326171875,864.7837524414062,284.3412780761719,33.76327896118164,141.44119262695312,159.49139404296875,44.91962432861328,-0.2591075897216797,11.285120010375977,-1.3656806945800781,-31.840290069580078,-0.9248523712158203,-7.158144474029541,-6.8868207931518555,10.060893058776855
283,4.683333,8.167673110961914,-10.407588958740234,1.2383778095245361,7.671957015991211,30.729398727416992,9.828798294067383,10.116619110107422,1.6919102668762207,10.55294132232666,123.37431335449219,218.20449829101562,43.82313537597656,293.2836608886719,945.420166015625,935.5226440429688,310.07891845703125,64.11912536621094,127.94342041015625,212.49383544921875,67.04594421386719,-7.437845230102539,-3.35430908203125,-7.104677200317383,-23.495014190673828,-2.298553466796875,-7.348816871643066,-10.746236801147461,5.392478942871094
284,4.700000,12.230149269104004,-7.849449157714844,4.376810073852539,12.684479713439941,30.847814559936523,2.6553726196289062,7.048000335693359,4.888476371765137,28.899139404296875,114.04576873779297,201.52110290527344,31.63534164428711,326.9019775390625,978.5184326171875,924.649658203125,288.5888671875,93.3228759765625,143.26235961914062,221.5121307373047,73.37014770507812,-8.539619445800781,-7.7826948165893555,-10.29387092590332,-21.94731903076172,-1.1799468994140625,-8.33393383026123,-8.543986320495605,4.1378631591796875
285,4.716667,13.15820026397705,-7.508248329162598,11.420742988586426,16.95147705078125,30.31756591796875,-0.3353309631347656,8.16763687133789,4.409825325012207,41.03926467895508,114.69243621826172,199.34274291992188,34.04742431640625,358.5136413574219,1015.6117553710938,933.0020141601562,294.82427978515625,112.43026733398438,151.60891723632812,219.38699340820312,77.81317138671875,-8.578651428222656,-9.32386302947998,-15.429985046386719,-20.834083557128906,-0.5668668746948242,-7.904855728149414,-8.979682922363281,3.7711143493652344
286,4.733333,8.609960556030273,-9.095704078674316,4.265835285186768,8.954689979553223,15.970026016235352,-3.561525344848633,3.5788307189941406,5.182348251342773,9.41087532043457,86.2861557006836,140.36495971679688,15.185461044311523,241.86024475097656,812.673583984375,733.29296875,187.6146240234375,54.12306213378906,84.9608154296875,109.59895324707031,22.0959415435791,-9.775707244873047,-3.4839582443237305,-26.19334602355957,-16.826013565063477,-3.247220993041992,-11.045854568481445,-10.838315963745117,3.1788272857666016
287,4.750000,8.375626564025879,-11.99959659576416,3.4613232612609863,10.510259628295898,23.782777786254883,-0.22323036193847656,6.921052932739258,5.54269552230835,2.3790512084960938,72.85553741455078,158.46458435058594,20.684219360351562,244.81069946289062,837.4141845703125,796.4630737304688,216.59088134765625,63.39925003051758,102.36279296875,160.9999237060547,42.21303939819336,-8.67385482788086,-6.618291854858398,-17.614667892456055,-15.793939590454102,-1.8663454055786133,-7.465494155883789,-9.723713874816895,1.5903072357177734
288,4.766667,7.823637962341309,-12.654056549072266,3.616008758544922,10.911805152893066,22.773101806640625,-0.517425537109375,5.804182052612305,6.084232807159424,4.139320373535156,79.30998229980469,154.4273681640625,19.465742111206055,247.24063110351562,844.9752197265625,794.4415893554688,217.52865600585938,61.598472595214844,101.6285171508789,156.56814575195312,42.52398681640625,-10.376693725585938,-5.567188262939453,-19.431472778320312,-16.594406127929688,-1.8285398483276367,-7.517477512359619,-10.233287811279297,2.679677963256836
289,4.783333,8.21660327911377,-11.904204368591309,4.0974812507629395,11.54117202758789,24.290973663330078,0.9549465179443359,7.004457473754883,5.452613830566406,4.735504150390625,81.00570678710938,163.92648315429688,21.793701171875,253.78302001953125,855.7080688476562,818.8956298828125,231.37452697753906,65.31391906738281,106.38359069824219,176.0728759765625,50.95320129394531,-9.690479278564453,-6.030799865722656,-16.300289154052734,-16.54469871520996,-1.8075733184814453,-6.35402250289917,-9.805245399475098,2.041534423828125
290,4.800000,7.464968681335449,-12.628116607666016,3.5499327182769775,11.19410228729248,22.750831604003906,-1.7164783477783203,5.912372589111328,5.520572662353516,4.406211853027344,77.15045166015625,151.5728759765625,18.587312698364258,250.62881469726562,850.8814697265625,799.0293579101562,222.16783142089844,59.223106384277344,95.75666809082031,157.308349609375,44.20849609375,-11.713890075683594,-6.591070175170898,-18.881120681762695,-14.891515731811523,-1.233245849609375,-7.872298717498779,-10.742964744567871,1.7371997833251953
291,4.816667,8.389640808105469,-12.532541275024414,4.370392799377441,11.44481372833252,25.07145118713379,0.26665306091308594,6.757116317749023,5.118397235870361,4.316702842712402,79.16138458251953,163.07931518554688,22.085710525512695,253.28805541992188,861.946533203125,822.7449340820312,231.7410430908203,65.78376770019531,105.72735595703125,175.04837036132812,52.76191711425781,-9.903589248657227,-6.619213104248047,-18.20911979675293,-16.568078994750977,-1.4766340255737305,-6.903937339782715,-10.548355102539062,1.9636783599853516
292,4.833333,7.671586990356445,-11.69327449798584,3.52113676071167,11.623318672180176,23.680248260498047,-1.282470703125,5.534875869750977,5.6658172607421875,2.288738250732422,70.73466491699219,150.02484130859375,18.651880264282227,244.6217041015625,835.544921875,793.4744262695312,220.78640747070312,60.35622024536133,98.24760437011719,161.45449829101562,47.160301208496094,-10.72848129272461,-6.536360740661621,-18.09343910217285,-15.2318696975708,-0.6908092498779297,-7.579551696777344,-10.110016822814941,1.4291801452636719
293,4.850000,8.144709587097168,-11.870858192443848,3.931013822555542,11.535627365112305,25.57908821105957,0.8905048370361328,6.252389907836914,4.186373710632324,1.679856300354004,77.62089538574219,165.7887725830078,21.644866943359375,253.49588012695312,865.9856567382812,837.6221923828125,240.31442260742188,63.71501922607422,104.12712097167969,183.33526611328125,55.58891296386719,-9.790246963500977,-6.399679183959961,-17.596750259399414,-16.049396514892578,-1.778904914855957,-6.559491157531738,-10.90176773071289,1.6254253387451172
294,4.866667,8.439708709716797,-11.934059143066406,3.2406556606292725,11.759052276611328,25.649213790893555,-0.7363166809082031,4.907939910888672,6.432329177856445,0.3686351776123047,69.29534912109375,155.052734375,18.999237060546875,244.71234130859375,847.1217041015625,808.008056640625,223.1766357421875,64.40604400634766,108.14900207519531,175.26785278320312,52.35424041748047,-9.586029052734375,-7.80269718170166,-18.027481079101562,-16.292448043823242,-0.5843744277954102,-7.412744045257568,-9.550444602966309,0.9686393737792969
295,4.883333,8.662790298461914,-11.405701637268066,4.1018900871276855,11.644402503967285,24.369426727294922,-2.443208694458008,3.0624217987060547,6.22551155090332,1.5000953674316406,71.79226684570312,149.82000732421875,17.449647903442383,245.29269409179688,842.6878662109375,795.8995971679688,220.09449768066406,64.55414581298828,105.66041564941406,165.2353057861328,50.381813049316406,-9.852788925170898,-7.230141639709473,-21.48807716369629,-17.077425003051758,-1.109013557434082,-8.23507308959961,-10.031806945800781,1.4303474426269531
